{
  "decision_transformer": {
    "HR@5": 0.006830601092896175,
    "HR@10": 0.01366120218579235,
    "HR@20": 0.0273224043715847,
    "NDCG@5": 0.0040279496562936916,
    "NDCG@10": 0.006207048363698636,
    "NDCG@20": 0.009617853034389475,
    "MRR": 0.009718181857873579
  },
  "popularity": {
    "HR@5": 0.03961748633879782,
    "HR@10": 0.06830601092896176,
    "HR@20": 0.12568306010928962
  }
}